City_ID,City,Country,Date,Lat,Lng,Max Temp,Humidity,Cloudiness,Wind Speed
0,Cayenne,GF,2022-10-29 20:59:43,4.9333,-52.3333,26.02,89,100,0.0
1,Ushuaia,AR,2022-10-29 21:01:25,-54.8,-68.3,3.81,87,100,9.26
2,Chulym,RU,2022-10-29 21:04:08,55.0997,80.9572,-2.07,81,100,2.07
3,Umm Lajj,SA,2022-10-29 21:04:09,25.0213,37.2685,26.55,56,16,2.02
4,Cidreira,BR,2022-10-29 21:04:09,-30.1811,-50.2056,20.17,89,100,3.59
5,Victoria,HK,2022-10-29 21:04:10,22.2855,114.1577,24.1,66,100,2.68
6,Pangoa,PE,2022-10-29 21:04:11,-12.1167,-73.0,25.04,91,56,1.71
7,Amarante Do Maranhao,BR,2022-10-29 21:04:11,-5.5667,-46.7422,31.71,38,100,1.99
8,Veraval,IN,2022-10-29 21:01:39,20.9,70.3667,25.78,54,0,2.98
9,Port Elizabeth,ZA,2022-10-29 21:01:39,-33.918,25.5701,20.17,66,40,10.8
10,Busselton,AU,2022-10-29 21:04:13,-33.65,115.3333,9.35,64,35,6.96
11,Ponta Do Sol,PT,2022-10-29 21:04:13,32.6667,-17.1,22.35,90,99,0.71
12,Hashtrud,IR,2022-10-29 21:04:14,37.4779,47.0508,7.81,82,13,2.12
13,Comodoro Rivadavia,AR,2022-10-29 21:04:15,-45.8667,-67.5,12.92,26,75,6.69
14,Beinamar,TD,2022-10-29 21:04:16,8.6698,15.3813,24.17,51,66,1.49
15,Quelimane,MZ,2022-10-29 21:04:16,-17.8786,36.8883,23.86,89,4,1.46
16,Kruisfontein,ZA,2022-10-29 21:04:17,-34.0033,24.7314,17.71,66,55,4.82
17,Adrar,MR,2022-10-29 21:04:18,20.5022,-10.0711,25.47,10,8,4.55
18,Los Llanos De Aridane,ES,2022-10-29 21:04:19,28.6585,-17.9182,22.29,75,100,2.57
19,Ankara,TR,2022-10-29 21:01:19,39.9199,32.8543,9.56,58,0,1.45
20,Vestmannaeyjar,IS,2022-10-29 21:04:21,63.4427,-20.2734,6.83,77,97,6.88
21,Hermanus,ZA,2022-10-29 21:04:21,-34.4187,19.2345,17.67,74,100,3.37
22,Arraial Do Cabo,BR,2022-10-29 21:04:19,-22.9661,-42.0278,26.92,74,20,6.17
23,Aswan,EG,2022-10-29 21:04:22,24.0934,32.907,23.79,35,0,5.33
24,Jamestown,US,2022-10-29 21:05:20,42.097,-79.2353,17.8,31,0,2.57
25,Chuy,UY,2022-10-29 21:05:22,-33.6971,-53.4616,23.83,62,2,2.41
26,Aripuana,BR,2022-10-29 21:04:06,-9.1667,-60.6333,25.0,94,82,1.63
27,El Chichicaste,HN,2022-10-29 21:05:24,14.0667,-86.3,30.68,49,100,2.44
28,Lyngdal,NO,2022-10-29 21:05:25,58.1376,7.07,11.05,90,31,2.03
29,Mahebourg,MU,2022-10-29 21:05:25,-20.4081,57.7,21.81,80,16,3.91
30,Conde,BR,2022-10-29 21:05:27,-7.2597,-34.9075,25.7,78,40,5.14
31,Carnarvon,AU,2022-10-29 21:05:28,-24.8667,113.6333,18.24,68,81,10.55
32,Vardo,NO,2022-10-29 21:03:11,70.3705,31.1107,2.99,87,100,15.43
33,Luderitz,NA,2022-10-29 21:05:29,-26.6481,15.1594,14.84,89,45,2.0
34,Duluth,US,2022-10-29 21:03:53,46.7833,-92.1066,20.3,45,0,7.2
35,Nanortalik,GL,2022-10-29 21:05:30,60.1432,-45.2371,-1.24,84,35,5.0
36,Bosobolo,CD,2022-10-29 21:05:31,4.1833,19.9,21.42,96,91,0.67
37,Shatsk,RU,2022-10-29 21:04:53,54.0258,41.7119,7.02,94,100,6.97
38,Yar-Sale,RU,2022-10-29 21:05:32,66.8333,70.8333,-6.54,93,100,6.44
39,Santa Luzia,BR,2022-10-29 21:04:57,-19.7697,-43.8514,28.5,57,63,3.51
40,Longyearbyen,SJ,2022-10-29 21:05:33,78.2186,15.6401,-5.09,68,40,3.6
41,Geraldton,AU,2022-10-29 21:05:33,-28.7667,114.6,14.23,82,75,11.32
42,Tingo Maria,PE,2022-10-29 21:05:34,-9.2895,-76.0088,26.73,83,98,1.08
43,Saint-Joseph,RE,2022-10-29 21:05:34,-21.3667,55.6167,20.21,80,23,3.84
44,Apollonia,GR,2022-10-29 21:05:35,36.9716,24.7231,15.77,66,0,9.27
45,Asfi,MA,2022-10-29 21:05:35,32.2994,-9.2372,23.41,44,90,2.02
46,Ngaoundere,CM,2022-10-29 21:05:36,7.3167,13.5833,19.14,64,76,1.7
47,Georgetown,MY,2022-10-29 21:02:30,5.4112,100.3354,26.8,88,20,1.03
48,Hofn,IS,2022-10-29 21:06:37,64.2539,-15.2082,4.14,74,60,4.64
49,Cape Town,ZA,2022-10-29 21:05:02,-33.9258,18.4232,18.4,78,100,4.02
50,Takoradi,GH,2022-10-29 21:06:38,4.8845,-1.7554,26.21,84,54,2.78
51,Porto Novo,BJ,2022-10-29 21:06:39,6.4965,2.6036,25.83,85,51,2.1
52,La Palma,US,2022-10-29 21:06:39,33.8464,-118.0467,30.1,55,0,4.02
53,Inta,RU,2022-10-29 21:06:40,66.0317,60.1659,0.29,88,100,5.51
54,Yangambi,CD,2022-10-29 21:06:41,0.8102,24.4336,21.49,88,100,0.59
55,Ouanaminthe,HT,2022-10-29 21:02:47,19.55,-71.7333,28.04,74,81,3.45
56,Kobryn,BY,2022-10-29 21:06:42,52.2138,24.3564,12.09,76,100,5.89
57,Katete,UG,2022-10-29 21:06:43,-0.7818,29.7544,16.35,98,100,1.35
58,Saint-Augustin,CA,2022-10-29 21:06:43,51.226,-58.6502,8.58,57,100,8.05
59,Saint George,US,2022-10-29 21:04:12,37.1041,-113.5841,21.35,21,0,1.79
60,Ponta Delgada,PT,2022-10-29 21:06:45,37.7333,-25.6667,18.4,63,20,3.6
61,Port Alfred,ZA,2022-10-29 21:06:46,-33.5906,26.891,20.74,88,65,1.58
62,Kedougou,SN,2022-10-29 21:06:47,12.5579,-12.1743,26.06,40,46,1.44
63,Hirtshals,DK,2022-10-29 21:06:48,57.5881,9.9592,12.05,93,73,6.82
64,Sinnamary,GF,2022-10-29 21:06:48,5.3833,-52.95,25.07,92,100,4.05
65,Grand Gaube,MU,2022-10-29 21:06:49,-20.0064,57.6608,21.88,77,12,1.34
66,Khash,IR,2022-10-29 21:06:50,28.2211,61.2158,18.3,27,0,1.81
67,Sorland,NO,2022-10-29 21:06:51,67.667,12.6934,5.92,64,100,8.63
68,Dikson,RU,2022-10-29 21:06:52,73.5069,80.5464,-8.65,94,100,4.1
69,Lagoa,PT,2022-10-29 21:06:53,39.05,-27.9833,17.52,66,100,5.78
70,Punta Arenas,CL,2022-10-29 21:06:53,-53.15,-70.9167,5.62,81,38,13.42
71,Cururupu,BR,2022-10-29 21:06:54,-1.8283,-44.8683,26.33,76,100,2.37
72,Botwood,CA,2022-10-29 21:06:55,49.1499,-55.3482,10.5,60,84,6.45
73,Mpika,ZM,2022-10-29 21:06:56,-11.8343,31.4529,21.33,36,19,3.44
74,Bathsheba,BB,2022-10-29 21:06:57,13.2167,-59.5167,27.34,89,20,5.66
75,Honningsvag,NO,2022-10-29 21:06:57,70.9821,25.9704,2.86,52,40,8.75
76,Agadir,MA,2022-10-29 21:02:32,30.4202,-9.5982,26.25,26,100,1.97
77,Mana,GF,2022-10-29 21:06:58,5.6592,-53.7767,25.47,86,100,5.07
78,San Rafael,AR,2022-10-29 21:06:59,-34.6177,-68.3301,29.16,18,76,2.71
79,Pangnirtung,CA,2022-10-29 21:06:59,66.1451,-65.7125,-9.98,72,21,4.66
80,Castro,BR,2022-10-29 21:07:00,-24.7911,-50.0119,15.61,96,79,4.51
81,Nyrob,RU,2022-10-29 21:07:01,60.733,56.7202,0.09,95,100,4.08
82,Savelugu,GH,2022-10-29 21:07:02,9.6244,-0.8253,27.51,39,0,1.56
83,Touros,BR,2022-10-29 21:02:22,-5.1989,-35.4608,25.95,73,19,7.18
84,Manaus,BR,2022-10-29 21:06:24,-3.1019,-60.025,30.28,74,75,2.06
85,Bambous Virieux,MU,2022-10-29 21:07:04,-20.3428,57.7575,21.79,80,20,4.01
86,Goderich,CA,2022-10-29 21:07:05,43.7501,-81.7165,12.17,65,5,1.45
87,Carvalhosa,PT,2022-10-29 21:03:14,41.3006,-8.3608,15.22,93,100,1.46
88,Jasdan,IN,2022-10-29 21:06:18,22.0333,71.2,24.37,38,0,2.2
89,Hambantota,LK,2022-10-29 21:07:07,6.1241,81.1185,25.9,76,100,0.63
90,Bredasdorp,ZA,2022-10-29 21:07:07,-34.5322,20.0403,17.63,76,100,3.19
91,Tarpon Springs,US,2022-10-29 21:07:08,28.1461,-82.7568,30.64,66,0,2.68
92,Sao Filipe,CV,2022-10-29 21:07:08,14.8961,-24.4956,27.01,69,89,4.3
93,Akdepe,TM,2022-10-29 21:07:09,42.0551,59.3788,10.83,59,34,5.56
94,Narsaq,GL,2022-10-29 21:03:13,60.9167,-46.05,-0.88,76,54,3.56
95,East London,ZA,2022-10-29 21:08:10,-33.0153,27.9116,21.88,77,67,4.98
96,Torbay,CA,2022-10-29 21:07:38,47.6666,-52.7314,10.15,76,2,3.58
97,Presidencia Roque Saenz Pena,AR,2022-10-29 21:08:12,-26.7852,-60.4388,39.99,18,0,3.48
98,Garmsar,IR,2022-10-29 21:08:12,35.2182,52.3409,16.55,50,97,2.62
99,Margate,GB,2022-10-29 21:08:13,51.3813,1.3862,17.05,84,90,1.34
100,Lima,PE,2022-10-29 21:06:20,-12.0432,-77.0282,16.14,77,100,3.6
101,Qaanaaq,GL,2022-10-29 21:08:14,77.484,-69.3632,-23.65,65,0,4.17
102,Saint-Louis,SN,2022-10-29 21:08:15,16.3333,-15.0,32.82,12,99,3.59
103,Turukhansk,RU,2022-10-29 21:08:16,65.8167,87.9833,-5.36,95,100,6.58
104,Souillac,MU,2022-10-29 21:07:27,-20.5167,57.5167,21.88,83,17,3.78
105,Axim,GH,2022-10-29 21:08:17,4.8699,-2.2405,26.03,85,77,2.59
106,Kolaras,IN,2022-10-29 21:08:18,25.2333,77.6,19.31,59,0,2.52
107,Kudahuvadhoo,MV,2022-10-29 21:08:19,2.6708,72.8944,27.2,75,27,5.12
108,Key Largo,US,2022-10-29 21:06:05,25.0865,-80.4473,28.89,76,0,6.61
109,Rabo De Peixe,PT,2022-10-29 21:03:36,37.8,-25.5833,17.73,95,20,3.6
110,Elat,IL,2022-10-29 21:05:05,29.5581,34.9482,24.91,47,0,2.57
111,Brae,GB,2022-10-29 21:08:22,60.3964,-1.353,10.59,88,3,6.72
112,Scarborough,GB,2022-10-29 21:05:30,54.2797,-0.4044,15.74,91,100,3.13
113,Clyde River,CA,2022-10-29 21:08:23,70.4692,-68.5914,-17.72,92,99,1.92
114,Hithadhoo,MV,2022-10-29 21:08:23,-0.6,73.0833,26.98,79,100,5.02
115,Upernavik,GL,2022-10-29 21:08:24,72.7868,-56.1549,-9.34,63,67,5.58
116,Tasiilaq,GL,2022-10-29 21:08:25,65.6145,-37.6368,3.09,98,100,7.78
117,Suksun,RU,2022-10-29 21:08:25,57.1431,57.3949,-0.94,94,100,4.32
118,Valley,US,2022-10-29 21:08:26,45.1277,-116.1262,6.45,53,0,2.06
119,Mar Del Plata,AR,2022-10-29 21:08:26,-38.0023,-57.5575,16.57,73,21,2.24
120,Mangrol,IN,2022-10-29 21:08:27,21.1167,70.1167,26.29,55,0,1.23
121,Saint-Philippe,RE,2022-10-29 21:08:28,-21.3585,55.7679,20.77,82,39,3.22
122,Mantua,IT,2022-10-29 21:08:28,45.1667,10.7833,15.58,84,7,2.18
123,Tabuk,PH,2022-10-29 21:08:29,17.4189,121.4443,23.64,98,100,0.9
124,Itanhem,BR,2022-10-29 21:08:29,-17.1664,-40.33,25.99,68,6,6.66
125,Puerto Maldonado,PE,2022-10-29 21:08:30,-12.6,-69.1833,31.22,66,20,2.06
126,Gazli,UZ,2022-10-29 21:08:31,40.1333,63.45,11.67,83,100,7.65
127,Savannah Bight,HN,2022-10-29 21:08:31,16.45,-85.85,28.12,68,29,2.43
128,Saint-Ambroise,CA,2022-10-29 21:08:32,48.5501,-71.3324,11.99,45,100,4.29
129,Sisimiut,GL,2022-10-29 21:08:32,66.9395,-53.6735,-1.82,83,100,4.18
130,Vila Franca Do Campo,PT,2022-10-29 21:08:33,37.7167,-25.4333,18.23,68,100,2.46
131,Uray,RU,2022-10-29 21:08:33,60.1247,64.7758,-0.76,85,100,4.4
132,Carupano,VE,2022-10-29 21:08:34,10.6678,-63.2585,28.27,78,100,3.37
133,Rawson,AR,2022-10-29 21:08:35,-43.3002,-65.1023,12.84,32,94,6.98
134,Channel-Port Aux Basques,CA,2022-10-29 21:08:35,47.5702,-59.1367,9.32,69,4,9.39
135,Berberati,CF,2022-10-29 21:05:12,4.2612,15.7922,20.22,99,100,1.34
136,Havoysund,NO,2022-10-29 21:08:36,70.9963,24.6622,3.13,65,100,11.26
137,Suzun,RU,2022-10-29 21:08:37,53.7841,82.3116,-3.72,67,51,1.53
138,Mitsamiouli,KM,2022-10-29 21:08:37,-11.3847,43.2844,24.69,78,1,2.65
139,Kalmunai,LK,2022-10-29 21:08:38,7.4167,81.8167,25.05,86,92,2.41
140,Najran,SA,2022-10-29 21:09:38,17.4924,44.1277,18.06,25,73,0.69
141,Padang,ID,2022-10-29 21:09:39,-0.9492,100.3543,24.75,87,100,1.14
142,Volnovakha,UA,2022-10-29 21:09:39,47.601,37.4967,9.51,85,100,5.68
143,Mehamn,NO,2022-10-29 21:09:40,71.0357,27.8492,2.95,69,40,12.35
144,Vicuna,CL,2022-10-29 21:09:41,-30.0319,-70.7081,29.32,28,2,3.59
145,Kulu,TR,2022-10-29 21:09:41,39.0951,33.0799,8.33,55,0,3.1
146,Bilma,NE,2022-10-29 21:09:42,18.6853,12.9164,23.72,21,0,4.29
147,Bonavista,CA,2022-10-29 21:09:42,48.6499,-53.1147,10.12,60,14,10.01
148,Ribeira Grande,PT,2022-10-29 21:09:43,38.5167,-28.7,18.21,85,100,7.15
149,Codrington,AU,2022-10-29 21:09:44,-38.2667,141.9667,7.46,92,68,2.86
150,Tessalit,ML,2022-10-29 21:09:44,20.1986,1.0114,24.23,15,0,5.1
151,Moundou,TD,2022-10-29 21:09:45,8.5667,16.0833,24.8,52,58,1.75
152,Qaqortoq,GL,2022-10-29 21:09:45,60.7167,-46.0333,-4.88,82,37,3.26
153,Dubinino,RU,2022-10-29 21:09:46,55.6192,89.0911,-3.59,80,95,4.1
154,Maykor,RU,2022-10-29 21:09:46,59.0059,55.88,0.65,96,100,4.23
155,Caravelas,BR,2022-10-29 21:09:47,-17.7125,-39.2481,24.89,81,0,5.05
156,Visegrad,BA,2022-10-29 21:09:47,43.7847,19.2992,11.47,76,10,0.78
157,Sindor,RU,2022-10-29 21:09:48,62.8629,51.8905,0.69,98,100,3.9
158,Harindanga,IN,2022-10-29 21:09:48,22.0383,88.3214,20.59,71,0,2.96
159,Piterka,RU,2022-10-29 21:09:49,50.6803,47.4454,2.76,89,100,4.47
160,Mananjary,MG,2022-10-29 21:09:50,-21.2167,48.3333,21.9,89,92,2.48
161,Willowmore,ZA,2022-10-29 21:09:50,-33.2926,23.4895,18.05,51,60,2.15
162,Ilulissat,GL,2022-10-29 21:09:51,69.2167,-51.1,0.01,59,100,7.72
163,Olafsvik,IS,2022-10-29 21:09:51,64.8945,-23.7142,6.17,90,100,5.89
164,Amapa,BR,2022-10-29 21:09:52,1.0,-52.0,27.5,72,100,1.61
165,Klaksvik,FO,2022-10-29 21:09:52,62.2266,-6.589,8.51,98,97,8.52
166,Yabrud,SY,2022-10-29 21:09:53,33.9674,36.6574,13.93,47,0,0.81
167,Laguna,US,2022-10-29 21:09:53,38.421,-121.4238,25.05,31,0,3.09
168,Vila Velha,BR,2022-10-29 21:09:54,-20.3297,-40.2925,24.97,89,20,7.72
169,Aksu,CN,2022-10-29 21:09:54,41.1231,80.2644,9.47,35,41,1.62
170,Camacha,PT,2022-10-29 21:09:55,33.0833,-16.3333,19.68,83,20,2.06
171,Mariental,NA,2022-10-29 21:09:55,-24.6333,17.9667,25.7,16,1,4.87
172,Eenhana,NA,2022-10-29 21:05:57,-17.4667,16.3333,21.16,74,99,2.55
173,Tazmalt,DZ,2022-10-29 21:09:56,36.3868,4.3989,20.91,35,28,1.07
174,Sandwick,GB,2022-10-29 21:09:57,60.0,-1.25,11.55,88,12,9.08
175,Bad Hersfeld,DE,2022-10-29 21:09:57,50.8667,9.7,18.15,93,99,1.78
176,Pishin,PK,2022-10-29 21:09:58,30.5803,66.9961,15.77,23,0,1.23
177,Hamilton,US,2022-10-29 21:05:34,39.1834,-84.5333,21.29,38,0,3.6
178,Walvis Bay,NA,2022-10-29 21:09:59,-22.9575,14.5053,15.61,84,46,3.54
179,Ibb,YE,2022-10-29 21:09:59,13.9667,44.1833,15.89,53,74,1.38
180,Ballinrobe,IE,2022-10-29 21:10:00,53.6333,-9.2333,14.3,88,58,6.87
181,Santander,ES,2022-10-29 21:10:00,43.4647,-3.8044,21.37,79,20,1.54
182,Blind River,CA,2022-10-29 21:10:01,46.1834,-82.9582,11.0,66,91,2.68
183,Ostrovnoy,RU,2022-10-29 21:10:02,68.0531,39.5131,5.48,92,100,11.0
184,Yarega,RU,2022-10-29 21:10:03,63.4354,53.5765,0.48,97,100,4.23
185,Coquimbo,CL,2022-10-29 21:10:04,-29.9533,-71.3436,14.85,82,75,5.14
186,Saldanha,ZA,2022-10-29 21:10:04,-33.0117,17.9442,16.5,85,100,7.45
187,Sao Joao Da Barra,BR,2022-10-29 21:05:10,-21.6403,-41.0511,26.05,88,100,10.4
188,Kazincbarcika,HU,2022-10-29 21:10:06,48.25,20.6333,11.0,81,79,0.17
189,Kajaani,FI,2022-10-29 21:10:06,64.2273,27.7285,3.03,87,75,7.72
190,Talnakh,RU,2022-10-29 21:10:59,69.4865,88.3972,-11.81,95,94,2.72
191,Irtyshskiy,RU,2022-10-29 21:11:07,58.3333,68.1333,-0.92,91,100,3.3
192,Srivardhan,IN,2022-10-29 21:11:08,18.0333,73.0167,23.09,55,0,3.71
193,Marienburg,PL,2022-10-29 21:11:09,54.0359,19.0266,12.71,65,100,4.13
194,Kyshtovka,RU,2022-10-29 21:11:10,56.555,76.6271,-5.43,98,95,2.15
195,Naryan-Mar,RU,2022-10-29 21:11:11,67.6713,53.087,1.47,98,100,8.4
196,Bordighera,IT,2022-10-29 21:11:11,43.7806,7.6645,21.45,61,10,2.45
197,Bako,ET,2022-10-29 21:11:12,5.7833,36.5667,18.66,77,100,1.72
198,Bud,US,2022-10-29 21:11:13,39.447,-86.1758,20.51,38,57,2.81
199,Youghal,IE,2022-10-29 21:11:13,51.95,-7.8506,13.94,88,27,10.23
200,Kalkar,DE,2022-10-29 21:11:14,51.7333,6.3,18.02,68,0,2.57
201,Rio Grande,BR,2022-10-29 21:10:24,-32.035,-52.0986,28.06,65,1,1.55
202,Hauterive,FR,2022-10-29 21:11:15,46.0901,3.4459,21.42,52,100,0.69
203,Chatrapur,IN,2022-10-29 21:11:16,19.35,84.9833,20.98,72,0,3.01
204,Santa Cruz,BO,2022-10-29 21:08:40,-17.8,-63.1667,31.03,55,40,8.23
205,Bafoulabe,ML,2022-10-29 21:11:17,13.8065,-10.8321,27.85,19,100,1.88
206,Bubaque,GW,2022-10-29 21:11:18,11.2833,-15.8333,28.29,77,3,3.81
207,Korla,CN,2022-10-29 21:11:18,41.7597,86.1469,7.58,50,2,1.98
208,Chimore,BO,2022-10-29 21:11:14,-16.9833,-65.1333,27.66,75,98,0.51
209,Quatre Cocos,MU,2022-10-29 21:11:19,-20.2078,57.7625,21.72,80,25,4.34
210,Saint Anthony,US,2022-10-29 21:11:20,45.0205,-93.218,20.48,45,0,6.17
211,Oshnaviyeh,IR,2022-10-29 21:11:21,37.0397,45.0983,8.79,69,15,0.27
212,Novopetrovskoye,RU,2022-10-29 21:11:22,55.9928,36.4719,9.36,97,100,4.49
213,Brewster,US,2022-10-29 21:11:22,41.3973,-73.6171,16.19,39,0,1.11
214,Bengkulu,ID,2022-10-29 21:11:23,-3.8004,102.2655,23.83,92,100,1.84
215,Rize,TR,2022-10-29 21:11:23,40.9044,40.8949,1.59,80,19,1.28
216,Zwedru,LR,2022-10-29 21:11:25,6.0667,-8.1281,24.31,85,84,1.06
217,Sawakin,SD,2022-10-29 21:11:25,19.1059,37.3321,29.25,70,84,1.69
218,Zaranj,AF,2022-10-29 21:11:26,30.9667,61.8833,23.07,15,1,2.08
219,Camocim,BR,2022-10-29 21:11:27,-2.9022,-40.8411,27.34,73,56,8.73
220,Marmande,FR,2022-10-29 21:11:28,44.5,0.1667,17.51,81,22,2.42
221,Manaure,CO,2022-10-29 21:11:28,11.7751,-72.4445,28.28,68,93,6.01
222,Kontagora,NG,2022-10-29 21:08:14,10.3999,5.4695,24.61,42,16,0.81
223,Kuybyshevskiy Zaton,RU,2022-10-29 21:11:30,55.1593,49.1701,4.44,94,100,8.69
224,Sokoni,TZ,2022-10-29 21:11:30,-6.4333,39.55,25.28,83,42,5.36
225,Xai-Xai,MZ,2022-10-29 21:11:31,-25.0519,33.6442,20.85,82,21,3.48
226,New Richmond,US,2022-10-29 21:11:31,45.123,-92.5366,19.91,46,0,4.63
227,Meulaboh,ID,2022-10-29 21:11:32,4.1363,96.1285,23.94,94,100,2.17
228,Neuquen,AR,2022-10-29 21:11:32,-38.9516,-68.0591,16.94,39,75,9.26
229,Fort Walton Beach,US,2022-10-29 21:10:19,30.4058,-86.6188,22.77,83,100,6.71
230,Iqaluit,CA,2022-10-29 21:11:33,63.7506,-68.5145,-8.5,78,100,2.24
231,Krasnoborsk,RU,2022-10-29 21:11:34,61.5598,45.934,5.85,94,100,4.51
232,Husavik,IS,2022-10-29 21:11:35,66.0449,-17.3389,-0.37,76,75,4.79
233,Westport,US,2022-10-29 21:11:35,41.1415,-73.3579,16.16,59,0,1.54
234,Sherkot,IN,2022-10-29 21:11:36,29.35,78.5833,18.0,75,0,1.56
235,Malanje,AO,2022-10-29 21:11:36,-9.5402,16.341,19.04,86,97,1.57
236,Moreira Sales,BR,2022-10-29 21:11:37,-24.0622,-53.0069,26.36,75,4,3.07
237,Bahia Blanca,AR,2022-10-29 21:11:37,-38.7196,-62.2724,14.36,77,99,5.63
238,Rio Gallegos,AR,2022-10-29 21:12:38,-51.6226,-69.2181,7.92,53,100,16.81
239,Richards Bay,ZA,2022-10-29 21:12:38,-28.783,32.0377,20.79,67,40,7.94
240,Gweru,ZW,2022-10-29 21:12:39,-19.45,29.8167,15.75,85,0,4.58
241,Ambilobe,MG,2022-10-29 21:12:39,-13.2,49.05,23.53,79,100,1.03
242,Kashmor,PK,2022-10-29 21:12:40,28.4333,69.5833,25.09,29,59,2.64
243,Iquitos,PE,2022-10-29 21:12:40,-3.7481,-73.2472,31.02,66,40,1.54
244,Puerto Del Rosario,ES,2022-10-29 21:12:41,28.5004,-13.8627,24.86,73,0,5.14
245,Maniitsoq,GL,2022-10-29 21:09:01,65.4167,-52.9,0.27,76,100,10.32
246,Springbok,ZA,2022-10-29 21:12:42,-29.6643,17.8865,14.31,61,3,2.79
247,Pangody,RU,2022-10-29 21:10:28,65.85,74.4859,-7.28,93,100,4.83
248,Sur,OM,2022-10-29 21:12:43,22.5667,59.5289,24.21,77,0,4.13
249,Lebu,CL,2022-10-29 21:12:44,-37.6167,-73.65,10.59,84,100,9.2
250,Bereda,ES,2022-10-29 21:12:44,43.2686,-7.5406,13.01,100,100,1.51
251,Pokhara,NP,2022-10-29 21:12:45,28.2333,83.9833,16.23,56,0,2.78
252,Berlevag,NO,2022-10-29 21:12:45,70.8578,29.0864,2.97,70,75,13.38
253,Ornskoldsvik,SE,2022-10-29 21:12:46,63.2909,18.7153,5.53,70,54,7.2
254,Castel San Giovanni,IT,2022-10-29 21:12:47,45.0583,9.4335,17.41,80,8,1.54
255,Kargasok,RU,2022-10-29 21:12:48,59.0556,80.8572,-6.01,92,23,2.81
256,Kostomuksha,RU,2022-10-29 21:12:48,64.571,30.5767,2.05,95,100,8.08
257,Manicore,BR,2022-10-29 21:12:49,-5.8092,-61.3003,24.74,96,100,1.02
258,Stornoway,GB,2022-10-29 21:12:49,58.2093,-6.3865,12.18,93,75,7.2
259,Copiapo,CL,2022-10-29 21:12:50,-27.3667,-70.3333,13.83,32,0,3.81
260,Fiche,ET,2022-10-29 21:12:51,9.8,38.7333,7.68,55,69,1.76
261,Cap Malheureux,MU,2022-10-29 21:12:51,-19.9842,57.6142,21.93,77,12,1.34
262,Gofitskoye,RU,2022-10-29 21:12:52,45.0792,43.0464,5.65,86,29,2.2
263,Sao Felix Do Xingu,BR,2022-10-29 21:08:11,-6.6447,-51.995,28.36,61,100,1.16
264,Tuim,RU,2022-10-29 21:12:53,54.3417,89.9261,-6.13,75,95,1.92
265,Olinda,BR,2022-10-29 21:09:40,-8.0089,-34.8553,26.85,65,40,4.63
266,Uvat,RU,2022-10-29 21:12:53,59.1433,68.8953,-2.09,89,70,3.4
267,Gilgit,PK,2022-10-29 21:12:54,35.9221,74.3087,13.79,44,0,1.72
268,Villanueva De La Serena,ES,2022-10-29 21:12:54,38.9766,-5.7974,19.52,47,98,0.99
269,Temiscaming,CA,2022-10-29 21:10:25,46.7212,-79.0971,10.95,59,100,4.06
270,Silifke,TR,2022-10-29 21:12:55,36.3778,33.9344,19.78,41,0,5.85
271,Porto Walter,BR,2022-10-29 21:12:56,-8.2686,-72.7439,31.9,49,76,1.72
272,Darlington,GB,2022-10-29 21:12:56,54.5243,-1.5504,15.75,91,75,4.63
273,Zambezi,ZM,2022-10-29 21:12:57,-13.5432,23.1047,22.11,58,100,2.55
274,Weiswampach,LU,2022-10-29 21:12:58,50.1372,6.075,16.49,83,97,2.23
275,Pauini,BR,2022-10-29 21:11:18,-7.7136,-66.9764,26.93,73,95,2.02
276,Nicoya,CR,2022-10-29 21:12:59,10.1483,-85.452,29.49,63,62,0.24
277,Farafangana,MG,2022-10-29 21:12:59,-22.8167,47.8333,21.09,92,100,3.84
278,Tambacounda,SN,2022-10-29 21:13:00,13.7539,-13.7586,29.5,32,0,2.31
279,Nouadhibou,MR,2022-10-29 21:13:01,20.931,-17.0347,22.64,74,40,6.03
280,Rocha,UY,2022-10-29 21:13:02,-34.4833,-54.3333,18.91,79,2,2.63
281,Santa Maria,BR,2022-10-29 21:12:43,-29.6842,-53.8069,25.35,79,100,2.68
282,Havre-Saint-Pierre,CA,2022-10-29 21:12:05,50.2334,-63.5986,6.79,75,47,9.57
283,Faya,SA,2022-10-29 21:13:03,18.3851,42.4509,14.29,75,61,1.42
284,Estelle,US,2022-10-29 21:14:04,29.8458,-90.1067,24.0,86,100,6.17
285,Mikhaylovka,RU,2022-10-29 21:14:04,50.06,43.2379,6.55,87,90,5.77
286,Iracoubo,GF,2022-10-29 21:14:05,5.4802,-53.2011,25.01,91,100,4.55
287,Danielskuil,ZA,2022-10-29 21:14:06,-28.1887,23.5395,23.36,36,0,5.85
288,Lobito,AO,2022-10-29 21:14:07,-12.3481,13.5456,24.99,88,31,3.3
289,Askarovo,RU,2022-10-29 21:14:07,53.3372,58.5089,-8.47,86,99,2.0
290,Maltahohe,NA,2022-10-29 21:14:08,-24.8333,16.9833,21.06,23,0,6.96
291,Svetlyy,RU,2022-10-29 21:14:09,54.675,20.1347,13.03,82,98,8.01
292,Barra Patuca,HN,2022-10-29 21:14:10,15.8,-84.2833,28.71,68,15,3.87
293,Ahmadnagar,IN,2022-10-29 21:14:10,19.0833,74.7333,18.98,57,0,1.91
294,Bay Roberts,CA,2022-10-29 21:14:11,47.5999,-53.2648,10.18,78,1,4.02
295,Orbetello,IT,2022-10-29 21:14:12,42.4408,11.2196,18.31,73,2,1.16
296,Krestena,GR,2022-10-29 21:14:12,37.6167,21.6333,15.63,47,0,2.73
297,Caraz,PE,2022-10-29 21:14:13,-9.0486,-77.81,20.06,57,89,4.46
298,Hemsedal,NO,2022-10-29 21:14:13,60.8629,8.5534,6.29,87,8,2.15
299,Kavaratti,IN,2022-10-29 21:14:14,10.5669,72.642,27.94,64,1,1.84
300,Hudiksvall,SE,2022-10-29 21:14:15,61.729,17.1036,6.91,58,89,6.84
301,Pisco,PE,2022-10-29 21:14:16,-13.7,-76.2167,18.9,77,0,4.63
302,Kosh-Agach,RU,2022-10-29 21:14:16,50.0,88.6667,-9.18,56,20,1.39
303,Iisalmi,FI,2022-10-29 21:14:17,63.5592,27.1907,4.65,76,100,7.66
304,Agadez,NE,2022-10-29 21:14:18,19.75,10.25,21.86,24,0,4.17
305,Baghdad,IQ,2022-10-29 21:11:24,33.3406,44.4009,17.95,48,2,1.03
306,Coihaique,CL,2022-10-29 21:14:18,-45.5752,-72.0662,8.97,40,40,4.63
307,Chabahar,IR,2022-10-29 21:14:19,25.2919,60.643,25.65,75,13,0.61
308,Lerum,SE,2022-10-29 21:14:20,57.7745,12.2697,12.74,70,100,3.6
309,Kirkwall,GB,2022-10-29 21:14:20,58.9848,-2.9587,12.03,94,72,7.2
310,Ancud,CL,2022-10-29 21:14:21,-41.8697,-73.8203,8.74,65,21,8.78
311,Taoudenni,ML,2022-10-29 21:14:22,22.6783,-3.9836,28.31,10,8,4.59
312,Digby,CA,2022-10-29 21:14:23,44.6169,-65.7655,8.66,64,0,4.41
313,Ayagoz,KZ,2022-10-29 21:14:23,47.9714,80.4392,-0.69,51,100,2.71
314,Ploemeur,FR,2022-10-29 21:14:24,47.7333,-3.4333,16.05,93,75,4.12
315,Aktau,KZ,2022-10-29 21:14:25,43.65,51.2,8.32,77,89,3.47
316,Bosaso,SO,2022-10-29 21:14:26,11.2842,49.1816,25.12,67,3,1.41
317,Kozhva,RU,2022-10-29 21:14:26,65.1073,57.0459,0.77,97,100,5.34
318,Saint-Francois,FR,2022-10-29 21:14:27,46.4154,3.9054,18.69,39,0,2.06
319,Marystown,CA,2022-10-29 21:14:28,47.1666,-55.1483,8.61,68,2,8.12
320,Lokosovo,RU,2022-10-29 21:14:29,61.1333,74.8167,-4.48,90,49,3.63
321,Slivilesti,RO,2022-10-29 21:14:30,44.7833,23.1333,13.03,61,34,1.06
322,Vangaindrano,MG,2022-10-29 21:14:31,-23.35,47.6,20.26,93,100,3.38
323,Tucuman,AR,2022-10-29 21:14:31,-26.8241,-65.2226,39.0,15,0,2.06
324,Jalu,LY,2022-10-29 21:14:32,29.0331,21.5482,18.6,59,1,4.48
325,Puerto Carreno,CO,2022-10-29 21:14:32,6.189,-67.4859,25.78,89,100,2.73
326,Kamachumu,TZ,2022-10-29 21:14:33,-1.6186,31.62,16.97,86,88,2.49
327,Dodoma,TZ,2022-10-29 21:14:33,-6.1722,35.7395,21.9,49,100,5.47
328,Tara,RU,2022-10-29 21:14:34,56.8944,74.371,-4.97,97,88,2.89
329,Dingle,PH,2022-10-29 21:14:35,10.9995,122.6711,25.46,90,100,7.77
330,Rodrigues Alves,BR,2022-10-29 21:14:35,-7.738,-72.6509,31.53,53,92,1.5
331,Balkhash,KZ,2022-10-29 21:15:36,46.844,74.9804,4.59,65,100,6.18
332,Thunder Bay,CA,2022-10-29 21:11:42,48.4001,-89.3168,13.48,59,100,2.52
333,Carutapera,BR,2022-10-29 21:15:37,-1.195,-46.02,26.83,78,22,5.43
334,The Valley,AI,2022-10-29 21:15:37,18.217,-63.0578,28.39,78,40,6.17
335,Batman,TR,2022-10-29 21:15:38,37.8874,41.1322,9.89,81,0,2.06
336,Eseka,CM,2022-10-29 21:15:38,3.65,10.7667,22.4,100,100,0.73
337,Muros,ES,2022-10-29 21:15:39,42.7762,-9.0603,14.49,89,96,4.58
338,Pyaozerskiy,RU,2022-10-29 21:15:39,65.8333,31.1667,1.95,96,100,9.58
339,Aguimes,ES,2022-10-29 21:15:40,27.9054,-15.4461,21.48,83,20,8.75
340,Dharchula,IN,2022-10-29 21:15:41,29.85,80.5333,13.62,53,0,2.85
341,Plettenberg Bay,ZA,2022-10-29 21:15:42,-34.0527,23.3716,16.96,87,100,5.65
342,Harper,LR,2022-10-29 21:15:42,4.375,-7.7169,25.12,89,78,2.63
343,Wundanyi,KE,2022-10-29 21:15:43,-3.4019,38.364,15.96,81,92,1.8
344,Jijiga,ET,2022-10-29 21:15:44,9.35,42.8,16.11,39,7,2.95
345,Abnub,EG,2022-10-29 21:15:44,27.2696,31.1511,21.59,43,0,3.58
346,Lasa,IT,2022-10-29 21:15:45,46.6166,10.7002,14.49,72,48,0.82
347,Dzaoudzi,YT,2022-10-29 21:15:45,-12.7887,45.2699,24.94,78,0,2.57
348,Gornyak,RU,2022-10-29 21:15:46,50.9942,81.4661,-1.61,59,100,2.72
349,San Cristobal,VE,2022-10-29 21:15:47,7.7669,-72.225,25.1,56,100,0.78
350,Bathurst,AU,2022-10-29 21:15:47,-33.4166,149.5806,12.07,76,42,0.45
351,Nuuk,GL,2022-10-29 21:15:48,64.1835,-51.7216,2.34,87,75,11.83
352,Nizwa,OM,2022-10-29 21:15:48,22.9333,57.5333,22.48,59,0,0.22
353,Awjilah,LY,2022-10-29 21:15:49,29.1081,21.2869,18.57,68,17,4.37
354,Rajula,IN,2022-10-29 21:15:49,21.05,71.4333,26.11,37,0,2.82
355,Rustenburg,ZA,2022-10-29 21:15:50,-25.6676,27.2421,22.31,50,61,4.64
356,Tiznit,MA,2022-10-29 21:15:50,29.5833,-9.5,24.87,14,96,3.92
357,Zemio,CF,2022-10-29 21:11:21,5.0314,25.1361,20.3,96,100,0.8
358,Arica,CL,2022-10-29 21:12:09,-18.475,-70.3042,21.75,63,0,5.14
359,Liverpool,GB,2022-10-29 21:15:52,53.4106,-2.9779,15.16,86,0,3.09
360,Leova,MD,2022-10-29 21:15:53,46.4786,28.2553,13.49,59,58,3.17
361,Inirida,CO,2022-10-29 21:15:53,3.8653,-67.9239,23.03,98,100,1.28
362,Rio Cuarto,AR,2022-10-29 21:15:54,-33.1307,-64.3499,30.26,30,0,9.26
363,Henties Bay,NA,2022-10-29 21:15:54,-22.116,14.2845,14.74,86,42,4.05
364,Goma,CD,2022-10-29 21:15:55,-1.6792,29.2228,17.49,87,95,1.83
365,Gazanjyk,TM,2022-10-29 21:15:55,39.2446,55.5154,11.25,64,12,1.37
366,Notse,TG,2022-10-29 21:15:56,6.95,1.1667,24.46,89,81,1.97
367,Karakol,KG,2022-10-29 21:15:57,42.4907,78.3936,4.76,49,62,1.79
368,Mataundh,IN,2022-10-29 21:15:57,25.45,80.15,21.25,57,0,1.34
369,Inongo,CD,2022-10-29 21:15:58,-1.95,18.2667,22.61,91,84,2.18
370,Marzuq,YE,2022-10-29 21:15:59,14.4,46.4667,19.68,45,27,2.18
371,Bhakkar,PK,2022-10-29 21:15:59,31.6253,71.0657,23.78,22,0,2.64
372,Mabaruma,GY,2022-10-29 21:16:00,8.2,-59.7833,25.87,88,97,1.75
373,Tabas,IR,2022-10-29 21:16:00,33.5959,56.9244,22.12,21,97,2.06
374,Ugoofaaru,MV,2022-10-29 21:16:01,5.6667,73.0,27.54,70,99,3.25
375,Sault Sainte Marie,CA,2022-10-29 21:17:02,46.5168,-84.3333,15.16,47,0,4.63
376,Podor,MR,2022-10-29 21:17:02,16.6527,-14.9587,33.71,11,99,3.69
377,Luanda,AO,2022-10-29 21:14:49,-8.8368,13.2343,25.0,88,75,3.6
378,Souris,CA,2022-10-29 21:17:03,49.6172,-100.2612,14.85,35,30,5.27
379,Bosansko Grahovo,BA,2022-10-29 21:17:04,44.1794,16.3639,11.53,58,1,2.36
380,Orodara,BF,2022-10-29 21:17:05,10.9492,-4.9342,24.13,37,1,1.31
381,Kamenka,RU,2022-10-29 21:17:05,51.3223,42.7678,5.34,93,99,6.63
382,Saint-Pierre,RE,2022-10-29 21:17:06,-21.3393,55.4781,21.62,60,0,2.57
383,Millinocket,US,2022-10-29 21:17:07,45.6573,-68.7098,13.06,41,0,0.0
384,Oranjemund,NA,2022-10-29 21:17:07,-28.55,16.4333,16.04,90,84,1.88
385,Oswego,US,2022-10-29 21:17:08,43.4501,-76.1497,18.08,29,32,0.64
386,Lichtenburg,ZA,2022-10-29 21:17:09,-26.152,26.1597,19.13,58,0,6.64
387,Concordia Sagittaria,IT,2022-10-29 21:17:10,45.7594,12.8406,16.72,65,54,1.02
388,Affery,CI,2022-10-29 21:17:11,6.315,-3.9603,24.1,91,84,1.28
389,Temirtau,KZ,2022-10-29 21:17:11,50.0544,72.9483,-5.42,61,77,2.77
390,Severnyy,RU,2022-10-29 21:17:12,50.677,36.5532,12.02,87,75,6.0
391,Northeim,DE,2022-10-29 21:17:13,51.7,10.0,17.33,89,98,0.45
392,Pontes E Lacerda,BR,2022-10-29 21:16:26,-15.2261,-59.3353,28.78,55,88,3.31
393,Mogadishu,SO,2022-10-29 21:14:46,2.0371,45.3438,25.77,84,36,5.0
394,Ballachulish,GB,2022-10-29 21:17:15,56.6774,-5.1308,11.11,94,100,2.5
395,Elliot,ZA,2022-10-29 21:17:16,-31.3333,27.85,18.24,56,100,4.77
396,Yabelo,ET,2022-10-29 21:17:16,4.8833,38.0833,15.9,78,80,4.37
397,Lethem,GY,2022-10-29 21:17:17,3.3803,-59.7968,29.81,66,100,2.65
398,Pala,TD,2022-10-29 21:17:19,9.3642,14.9046,25.06,37,45,0.92
399,Pudozh,RU,2022-10-29 21:17:20,61.8099,36.5345,9.44,95,100,6.31
400,Tonj,SS,2022-10-29 21:17:20,7.2737,28.6822,23.96,74,98,1.79
401,Bara,NG,2022-10-29 21:17:21,10.3744,10.7288,25.77,29,97,3.07
402,Sechura,PE,2022-10-29 21:17:22,-5.5569,-80.8222,22.93,58,96,7.47
403,Benguela,AO,2022-10-29 21:16:02,-12.5763,13.4055,25.09,86,21,3.26
404,Kamskiye Polyany,RU,2022-10-29 21:17:23,55.4307,51.4171,1.45,97,100,5.87
405,Mathbaria,BD,2022-10-29 21:17:24,22.2876,89.9593,19.67,84,0,2.17
406,Eydhafushi,MV,2022-10-29 21:17:24,5.1033,73.0708,27.27,72,46,3.45
407,Mala Tokmachka,UA,2022-10-29 21:17:25,47.5356,35.8929,11.69,79,100,6.05
408,Panama City,PA,2022-10-29 21:16:37,8.9936,-79.5197,28.97,81,40,2.06
409,Asmar,AF,2022-10-29 21:17:26,35.0333,71.3581,16.92,46,1,1.97
410,Kargalinskaya,RU,2022-10-29 21:17:27,43.7417,46.4792,7.49,71,11,1.33
411,Roald,NO,2022-10-29 21:17:28,62.5833,6.1333,8.98,93,100,4.63
412,Amboasary,MG,2022-10-29 21:17:29,-25.0333,46.3833,21.44,85,93,7.11
413,Kitui,KE,2022-10-29 21:17:30,-1.367,38.0106,18.13,81,75,2.6
414,Nola,IT,2022-10-29 21:17:30,40.922,14.5329,20.35,82,0,1.29
415,Constitucion,CL,2022-10-29 21:15:56,-35.3333,-72.4167,15.32,85,55,5.33
416,Los Algarrobos,PA,2022-10-29 21:17:32,8.5,-82.4333,25.23,89,75,4.63
417,Manoel Urbano,BR,2022-10-29 21:17:32,-8.8389,-69.2597,31.97,48,76,1.49
418,Canico,PT,2022-10-29 21:17:33,32.6333,-16.85,22.23,92,40,3.6
419,Tallahassee,US,2022-10-29 21:17:33,30.4383,-84.2807,20.91,78,100,4.63
420,Brumadinho,BR,2022-10-29 21:16:50,-20.1433,-44.1997,29.18,40,56,1.64
421,Banda Aceh,ID,2022-10-29 21:18:34,5.5577,95.3222,25.48,86,100,4.16
422,Syracuse,IT,2022-10-29 21:18:35,37.0881,15.2792,17.77,69,0,2.44
423,Bandarbeyla,SO,2022-10-29 21:18:35,9.4942,50.8122,25.38,70,19,3.96
424,Thinadhoo,MV,2022-10-29 21:18:36,0.5333,72.9333,26.59,80,100,6.45
425,Praia,CV,2022-10-29 21:18:37,14.9215,-23.5087,27.3,39,0,3.09
426,Correntina,BR,2022-10-29 21:18:37,-13.3433,-44.6367,25.78,61,90,1.75
427,Huarmey,PE,2022-10-29 21:18:38,-10.0681,-78.1522,19.02,75,100,4.33
428,Omutninsk,RU,2022-10-29 21:18:38,58.67,52.1932,0.51,97,100,4.21
429,Mount Pleasant,US,2022-10-29 21:18:39,32.7941,-79.8626,17.78,91,100,4.47
430,Katoro,TZ,2022-10-29 21:18:40,-3.0203,31.8958,18.74,78,100,1.92
431,Poggibonsi,IT,2022-10-29 21:18:40,43.4724,11.1456,18.94,56,0,0.21
432,Boueni,YT,2022-10-29 21:18:42,-12.9025,45.0761,24.99,77,2,2.06
433,Vagur,FO,2022-10-29 21:18:42,61.4732,-6.8119,9.63,94,1,8.49
434,Zastron,ZA,2022-10-29 21:18:43,-30.3023,27.084,16.45,63,98,4.72
435,Abonnema,NG,2022-10-29 21:18:43,4.7084,6.7931,24.42,91,100,1.67
436,Key West,US,2022-10-29 21:18:44,24.5557,-81.7826,31.0,67,0,4.12
437,Kibala,TD,2022-10-29 21:18:44,9.1104,18.3463,22.97,94,0,0.0
438,Nata,PA,2022-10-29 21:18:45,8.3333,-80.5167,28.93,74,68,1.78
439,Reyes,BO,2022-10-29 21:18:45,-14.3167,-67.3833,32.32,51,99,3.06
440,Gunjur,GM,2022-10-29 21:18:46,13.2019,-16.7339,27.04,94,0,2.06
441,Youkounkoun,GN,2022-10-29 21:18:46,12.5333,-13.1333,26.12,50,5,1.02
442,Begunitsy,RU,2022-10-29 21:18:47,59.5855,29.3176,7.5,69,87,7.21
443,Basti,IN,2022-10-29 21:18:48,26.8,82.7167,19.69,60,0,2.35
444,Bournemouth,GB,2022-10-29 21:18:48,50.7205,-1.8795,16.03,90,0,3.6
445,Virginia Beach,US,2022-10-29 21:18:49,36.8529,-75.978,16.02,72,75,7.2
446,Teguise,ES,2022-10-29 21:18:49,29.0605,-13.564,23.12,65,0,2.06
447,Leningradskaya,RU,2022-10-29 21:18:50,46.3214,39.3877,8.28,84,90,3.41
448,Bonthe,SL,2022-10-29 21:18:50,7.5264,-12.505,25.75,87,100,2.66
449,Kutum,SD,2022-10-29 21:18:51,14.2,24.6667,23.23,24,60,5.6
450,Qandala,SO,2022-10-29 21:18:52,11.472,49.8728,25.08,69,6,1.14
451,Erice,IT,2022-10-29 21:18:52,38.037,12.5865,15.26,88,20,2.06
452,Sarany,RU,2022-10-29 21:18:53,58.5,58.8833,-2.66,95,100,2.81
453,Port Blair,IN,2022-10-29 21:15:26,11.6667,92.75,27.3,81,24,5.06
454,Kidal,ML,2022-10-29 21:18:53,18.4411,1.4078,24.5,18,0,4.53
455,Rafai,CF,2022-10-29 21:18:54,4.95,23.9167,21.25,97,100,2.53
456,Jaisalmer,IN,2022-10-29 21:18:55,26.9147,70.9181,26.23,30,32,2.39
457,Araouane,ML,2022-10-29 21:18:55,18.9048,-3.5265,25.75,14,0,3.15
458,San Luis,AR,2022-10-29 21:18:56,-33.295,-66.3356,31.34,23,25,7.65
459,Ponferrada,ES,2022-10-29 21:18:56,42.5466,-6.5962,12.57,86,100,2.24
460,Banepa,NP,2022-10-29 21:18:57,27.6298,85.5214,13.18,88,20,1.03
461,Kemijarvi,FI,2022-10-29 21:18:57,66.7131,27.4306,0.4,75,100,8.7
462,Mehran,IR,2022-10-29 21:18:58,33.1222,46.1646,22.4,24,30,2.83
463,La Roche-Sur-Yon,FR,2022-10-29 21:18:55,46.6667,-1.4333,15.18,88,0,0.0
464,Adwa,ET,2022-10-29 21:18:59,14.1646,38.8955,16.92,49,88,4.37
465,Lokachi,UA,2022-10-29 21:18:59,50.737,24.6494,13.75,85,100,5.36
466,Puertollano,ES,2022-10-29 21:20:00,38.6871,-4.1073,19.53,42,87,1.45
467,Changji,CN,2022-10-29 21:20:01,44.0167,87.3167,1.44,75,0,1.0
468,Eslov,SE,2022-10-29 21:20:02,55.8393,13.3039,12.82,93,99,2.92
469,Sembe,CG,2022-10-29 21:20:03,1.6481,14.5806,21.36,98,99,0.2
470,Safakulevo,RU,2022-10-29 21:20:04,54.9901,62.5442,-4.91,74,99,3.25
471,Nador,MA,2022-10-29 21:16:52,35.174,-2.9287,20.14,88,40,0.51
472,Bodden Town,KY,2022-10-29 21:20:05,19.2833,-81.25,30.0,68,40,5.66
473,Nsoko,SZ,2022-10-29 21:20:06,-27.0333,31.95,17.81,79,23,1.93
474,Maues,BR,2022-10-29 21:20:06,-3.3836,-57.7186,32.07,44,100,0.74
475,Ust-Tsilma,RU,2022-10-29 21:20:07,65.441,52.1498,1.94,98,100,4.49
476,Szamotuly,PL,2022-10-29 21:20:08,52.612,16.5779,14.99,92,100,1.65
477,Kathmandu,NP,2022-10-29 21:20:09,27.7167,85.3167,14.12,88,20,1.03
478,Lapy,PL,2022-10-29 21:18:35,52.9911,22.8842,11.82,70,100,5.64
479,Bani Walid,LY,2022-10-29 21:20:11,31.7566,13.9942,18.65,80,0,2.57
480,Paso De Carrasco,UY,2022-10-29 21:20:12,-34.8603,-56.0522,22.25,75,0,3.6
481,Beloha,MG,2022-10-29 21:20:12,-25.1667,45.05,20.65,79,100,7.64
482,Novo Oriente,BR,2022-10-29 21:20:13,-5.5344,-40.7742,31.81,30,100,2.12
483,Tandalti,SD,2022-10-29 21:20:14,13.0167,31.8667,31.58,25,73,5.62
484,Capoterra,IT,2022-10-29 21:20:14,39.1763,8.9718,19.18,77,0,2.06
485,Nurota,UZ,2022-10-29 21:20:15,40.5614,65.6886,11.57,83,100,2.52
486,Marsaxlokk,MT,2022-10-29 21:20:16,35.8419,14.5431,21.16,77,20,2.06
487,Viedma,AR,2022-10-29 21:20:16,-40.8135,-62.9967,10.7,59,100,4.27
488,Priiskovyy,RU,2022-10-29 21:20:17,51.9333,116.6333,-0.35,90,100,2.26
489,Sabzevar,IR,2022-10-29 21:20:18,36.2126,57.6819,17.6,45,0,9.26
490,Saqqez,IR,2022-10-29 21:20:19,36.2499,46.2735,10.29,70,95,1.26
491,Yumbe,UG,2022-10-29 21:20:19,3.4651,31.2469,18.63,94,100,1.88
492,Peno,RU,2022-10-29 21:20:20,56.9262,32.7426,10.13,81,100,6.01
493,Otacilio Costa,BR,2022-10-29 21:20:21,-27.4831,-50.1219,17.13,86,100,0.65
494,Burhanpur,IN,2022-10-29 21:20:21,21.3,76.2333,20.67,50,0,1.2
495,Salalah,OM,2022-10-29 21:20:22,17.0151,54.0924,26.05,73,40,1.54
496,Yining,CN,2022-10-29 21:20:23,29.0361,114.5636,14.29,74,90,0.91
497,Kindu,CD,2022-10-29 21:20:23,-2.95,25.95,21.66,98,100,0.82
498,Barra Do Garcas,BR,2022-10-29 21:20:24,-15.89,-52.2567,24.32,83,75,5.14
499,Marsh Harbour,BS,2022-10-29 21:20:24,26.5412,-77.0636,26.67,68,18,9.06
500,Lucapa,AO,2022-10-29 21:20:25,-8.4192,20.7447,18.78,94,97,1.1
501,Remanso,BR,2022-10-29 21:20:26,-9.6179,-42.0831,29.55,46,100,2.91
502,Chinsali,ZM,2022-10-29 21:20:26,-10.5414,32.0816,22.86,38,15,3.5
503,Nara,JP,2022-10-29 21:20:27,34.6851,135.8049,10.39,72,100,0.42
504,Svetlogorsk,BY,2022-10-29 21:20:28,52.6333,29.7333,12.35,86,100,6.69
505,Horta,PT,2022-10-29 21:20:28,38.5333,-28.6333,16.12,89,100,5.81
506,Ginir,ET,2022-10-29 21:20:29,7.1333,40.7,13.97,74,92,2.1
507,Ampanihy,MG,2022-10-29 21:20:30,-24.7,44.75,20.75,78,96,7.53
508,Griffith,US,2022-10-29 21:20:31,41.5284,-87.4237,20.03,50,0,3.6
509,Kandi,BJ,2022-10-29 21:20:31,11.1342,2.9386,25.48,32,0,1.34
510,Ilheus,BR,2022-10-29 21:20:32,-14.7889,-39.0494,25.9,94,75,6.17
511,Mattru,SL,2022-10-29 21:21:32,7.6244,-11.8332,24.22,94,90,1.09
512,Ponnani,IN,2022-10-29 21:21:33,10.767,75.9252,24.62,83,72,1.85
513,Coyah,GN,2022-10-29 21:21:33,9.75,-13.4167,24.13,85,6,0.46
514,Marabba,SD,2022-10-29 21:21:34,12.35,32.1833,32.6,29,86,3.11
515,Belmonte,BR,2022-10-29 21:21:34,-15.8631,-38.8828,25.01,80,13,3.61
516,Salinopolis,BR,2022-10-29 21:21:35,-0.6136,-47.3561,27.46,78,60,7.12
517,Ootmarsum,DE,2022-10-29 21:21:36,52.4076,6.8969,19.3,72,99,3.75
518,Timbiqui,CO,2022-10-29 21:21:36,2.7717,-77.6654,26.27,82,100,2.63
519,Novoagansk,RU,2022-10-29 21:21:37,61.9449,76.6625,-7.69,95,73,3.23
520,Espanola,US,2022-10-29 21:21:37,35.9911,-106.0806,17.75,20,1,0.45
521,Shorkot,PK,2022-10-29 21:21:38,31.9099,70.8774,23.82,22,0,2.14
522,Mayor Pablo Lagerenza,PY,2022-10-29 21:21:38,-19.9309,-60.7718,37.16,31,31,7.15
523,Salym,RU,2022-10-29 21:21:39,60.0625,71.4789,-1.83,91,98,3.6
524,Kassala,SD,2022-10-29 21:21:40,15.451,36.4,29.95,36,100,4.44
525,Kisangani,CD,2022-10-29 21:21:40,0.5167,25.2,21.26,98,98,0.44
526,Pohrebyshche,UA,2022-10-29 21:21:41,49.4864,29.2636,12.99,75,93,6.54
527,Dustlik,UZ,2022-10-29 21:21:41,40.5247,68.0358,14.78,60,100,4.72
528,Matiri,TZ,2022-10-29 21:21:42,-10.75,34.9,19.61,44,86,2.41
529,Hare Bay,CA,2022-10-29 21:21:43,48.8499,-54.0148,11.22,53,39,5.75
530,Grindavik,IS,2022-10-29 21:21:43,63.8424,-22.4338,6.26,93,75,6.69
531,Padilla,CO,2022-10-29 21:21:44,3.2204,-76.3139,24.76,83,91,1.11
532,Waddan,LY,2022-10-29 21:21:44,29.1614,16.139,19.98,44,45,4.6
533,Morondava,MG,2022-10-29 21:21:45,-20.2833,44.2833,25.6,82,5,2.93
534,Lewisporte,CA,2022-10-29 21:21:45,49.2499,-55.0482,11.42,58,74,6.7
535,Isiro,CD,2022-10-29 21:21:46,2.7739,27.616,19.46,99,100,0.5
536,Carballo,ES,2022-10-29 21:21:47,43.213,-8.691,16.04,89,100,3.18
537,Emba,KZ,2022-10-29 21:21:47,48.8264,58.1442,1.04,97,100,3.67
538,Exu,BR,2022-10-29 21:21:48,-7.5119,-39.7242,28.4,32,96,1.97
539,Seydi,TM,2022-10-29 21:21:48,39.4816,62.9137,12.25,80,99,7.51
540,Backi Petrovac,RS,2022-10-29 21:21:49,45.3606,19.5917,14.57,62,8,1.76
541,Rovaniemi,FI,2022-10-29 21:21:50,66.5,25.7167,0.67,74,0,8.23
542,Cornwall,CA,2022-10-29 21:21:50,45.0181,-74.7281,16.58,27,0,4.12
543,Zatoka,UA,2022-10-29 21:21:51,46.0725,30.4654,14.03,80,75,7.27
544,Sinfra,CI,2022-10-29 21:21:52,6.6167,-5.9167,22.47,92,95,0.71
545,Namibe,AO,2022-10-29 21:21:52,-15.1961,12.1522,22.22,84,89,2.98
546,Aleksandrovka,UA,2022-10-29 21:21:53,46.8383,32.7612,12.01,83,79,5.8
547,Dese,ET,2022-10-29 21:21:53,11.1333,39.6333,9.14,56,46,1.1
548,Luau,AO,2022-10-29 21:21:54,-10.7073,22.2247,19.85,85,100,2.35
549,Arona,ES,2022-10-29 21:21:54,28.0996,-16.681,21.06,55,20,2.06
550,Corinto,GR,2022-10-29 21:21:55,37.9407,22.9573,18.83,60,0,1.96
551,Maarianhamina,AX,2022-10-29 21:21:56,60.0973,19.9348,7.92,61,0,5.66
552,San Andres,CO,2022-10-29 21:21:56,12.5847,-81.7006,30.01,62,20,2.57
553,Arlit,NE,2022-10-29 21:21:57,18.7369,7.3853,25.62,17,0,7.0
554,Martil,MA,2022-10-29 21:21:58,35.6166,-5.2752,16.98,82,40,2.57
555,Komarikhinskiy,RU,2022-10-29 21:21:58,58.0979,57.1163,-0.94,96,100,3.47
556,Birin,NP,2022-10-29 21:21:59,26.8865,88.0718,12.3,78,0,2.14
557,Maunabo,PR,2022-10-29 21:21:59,18.0072,-65.8993,27.91,87,100,4.97
558,Kanel,SN,2022-10-29 21:23:00,15.4916,-13.1763,30.0,58,0,1.03
559,Vyshkov,RU,2022-10-29 21:23:00,52.4764,31.6873,14.28,87,100,6.17
560,Acopiara,BR,2022-10-29 21:23:01,-6.0953,-39.4525,31.13,31,63,1.94
561,Gari,RU,2022-10-29 21:23:02,59.4307,62.3497,-0.55,96,100,4.29
562,Vallenar,CL,2022-10-29 21:18:05,-28.5708,-70.7581,26.09,28,0,3.63
563,Tazovskiy,RU,2022-10-29 21:23:03,67.4667,78.7,-9.63,94,33,3.98
564,Havelock,US,2022-10-29 21:23:04,34.8791,-76.9013,19.97,76,100,5.66
565,Slonim,BY,2022-10-29 21:23:04,53.0867,25.3219,11.82,66,100,6.48
566,Port-Cartier,CA,2022-10-29 21:23:05,50.0334,-66.8654,8.82,57,94,5.89
567,Bahia Honda,CU,2022-10-29 21:23:06,22.9036,-83.1592,27.28,66,6,5.37
568,Kadhan,PK,2022-10-29 21:23:06,24.481,68.9859,25.8,46,0,3.7
569,Ushtobe,KZ,2022-10-29 21:23:07,45.2514,77.9838,6.89,45,100,3.62
570,Ivanivka,UA,2022-10-29 21:23:08,46.7208,34.553,11.32,82,95,5.39
571,Salekhard,RU,2022-10-29 21:23:09,66.53,66.6019,-5.02,96,99,4.22
572,Bushehr,IR,2022-10-29 21:23:09,28.9684,50.8385,28.05,74,5,3.09
573,Hualmay,PE,2022-10-29 21:23:10,-11.0964,-77.6139,18.4,74,100,4.18
